gemeente_id,Provinciecode,Provincienaam,Gemeentenaam,BevAant,27-02-2020,28-02-2020,29-02-2020,01-03-2020,02-03-2020,03-03-2020,04-03-2020,05-03-2020,06-03-2020,07-03-2020,08-03-2020,09-03-2020,10-03-2020,11-03-2020,12-03-2020,13-03-2020,14-03-2020,15-03-2020,16-03-2020,17-03-2020,18-03-2020,19-03-2020,20-03-2020,21-03-2020,22-03-2020
518,28,Zuid-Holland,'s-Gravenhage,537833,0,0,0,0,0,0,0,0,3,2,2,2,3,7,7.0,8.0,9.0,10.0,14.0,17,21,27,36,44,47
796,30,Noord-Brabant,'s-Hertogenbosch,154205,0,0,0,0,0,0,0,0,0,2,2,3,4,5,8.0,11.0,14.0,14.0,20.0,24,30,35,38,45,55
1680,22,Drenthe,Aa en Hunze,25386,0,0,0,0,0,0,0,0,0,0,0,0,0,0,0.0,0.0,0.0,0.0,0.0,0,0,0,0,0,1
358,27,Noord-Holland,Aalsmeer,31728,0,0,0,0,0,0,0,0,0,0,0,0,2,2,2.0,3.0,3.0,3.0,3.0,3,3,4,5,5,7
197,25,Gelderland,Aalten,27011,0,0,0,0,0,0,0,0,0,0,0,0,0,0,0.0,0.0,0.0,0.0,0.0,0,0,0,1,1,1
59,21,Friesland,Achtkarspelen,27852,0,0,0,0,0,0,0,0,0,0,0,0,0,0,0.0,0.0,0.0,0.0,0.0,0,0,0,0,0,0
482,28,Zuid-Holland,Alblasserdam,20069,0,0,0,0,0,0,0,0,0,0,0,0,0,0,0.0,0.0,0.0,0.0,0.0,1,1,2,3,3,4
613,28,Zuid-Holland,Albrandswaard,25271,0,0,0,0,0,0,0,0,0,0,1,1,1,1,1.0,1.0,1.0,1.0,2.0,3,4,4,5,8,12
361,27,Noord-Holland,Alkmaar,108558,0,0,0,0,0,0,0,0,0,0,0,0,1,1,1.0,1.0,1.0,1.0,2.0,2,5,9,10,11,15
141,23,Overijssel,Almelo,72849,0,0,0,0,0,0,0,0,0,0,1,1,1,1,1.0,1.0,1.0,1.0,1.0,1,1,2,3,4,5
34,24,Flevoland,Almere,207904,0,0,0,0,0,0,0,0,1,1,1,1,1,1,1.0,1.0,2.0,2.0,3.0,3,4,5,5,11,14
484,28,Zuid-Holland,Alphen aan den Rijn,110986,0,0,0,0,1,1,1,1,1,1,1,1,1,2,3.0,4.0,6.0,6.0,6.0,6,9,10,13,15,17
1723,30,Noord-Brabant,Alphen-Chaam,10149,0,0,0,0,0,0,0,0,0,0,0,0,0,0,0.0,0.0,1.0,1.0,2.0,3,6,6,6,7,9
1959,30,Noord-Brabant,Altena,55386,0,0,0,1,1,3,3,4,4,4,4,4,4,4,5.0,8.0,9.0,10.0,12.0,12,15,19,19,22,23
60,21,Friesland,Ameland,3673,0,0,0,0,0,0,0,0,0,0,0,0,0,0,0.0,0.0,0.0,0.0,0.0,0,0,0,0,0,0
307,26,Utrecht,Amersfoort,156286,0,0,0,0,0,0,0,0,0,0,0,0,0,2,4.0,4.0,4.0,10.0,18.0,21,23,30,32,37,37
362,27,Noord-Holland,Amstelveen,90838,0,0,0,0,0,0,0,0,0,1,1,2,2,2,2.0,3.0,3.0,3.0,4.0,6,7,13,22,26,27
363,27,Noord-Holland,Amsterdam,862965,0,1,1,1,1,0,1,2,2,3,4,4,8,8,11.0,20.0,31.0,31.0,39.0,56,61,85,127,161,188
200,25,Gelderland,Apeldoorn,162445,0,0,0,0,0,0,0,0,0,0,0,0,0,1,2.0,2.0,3.0,3.0,7.0,7,10,11,13,16,17
3,20,Groningen,Appingedam,11721,0,0,0,0,0,0,0,0,0,0,0,0,0,0,0.0,0.0,0.0,0.0,0.0,0,0,0,0,0,0
202,25,Gelderland,Arnhem,159265,0,0,0,0,0,0,0,0,1,1,3,2,2,3,4.0,4.0,4.0,7.0,7.0,8,9,10,13,15,16
106,22,Drenthe,Assen,67963,0,0,0,0,0,0,0,0,0,0,0,0,0,0,0.0,0.0,0.0,0.0,0.0,0,0,0,1,1,2
743,30,Noord-Brabant,Asten,16710,0,0,0,0,0,0,0,0,0,0,0,0,0,0,0.0,0.0,0.0,1.0,1.0,2,2,2,2,5,5
744,30,Noord-Brabant,Baarle-Nassau,6847,0,0,0,0,0,0,0,0,0,0,0,0,0,0,0.0,0.0,0.0,0.0,0.0,0,0,0,1,1,1
308,26,Utrecht,Baarn,24767,0,0,0,0,0,0,0,0,0,0,0,0,0,0,0.0,0.0,0.0,0.0,0.0,0,0,2,1,1,1
489,28,Zuid-Holland,Barendrecht,48673,0,0,0,0,0,0,0,0,0,0,0,0,0,0,1.0,1.0,1.0,3.0,3.0,3,3,4,5,9,10
203,25,Gelderland,Barneveld,57971,0,0,0,0,0,0,0,0,0,0,0,0,0,0,0.0,0.0,0.0,2.0,3.0,4,5,6,8,8,9
888,31,Limburg,Beek,15929,0,0,0,0,0,0,0,0,0,0,0,0,0,0,0.0,0.0,0.0,3.0,3.0,3,3,3,5,5,5
1954,31,Limburg,Beekdaelen,35727,0,0,0,0,0,0,0,0,1,2,2,4,5,8,8.0,8.0,9.0,12.0,13.0,15,18,18,19,19,19
370,27,Noord-Holland,Beemster,9748,0,0,0,0,0,0,0,0,0,0,0,0,0,0,0.0,0.0,0.0,0.0,0.0,0,0,0,0,0,0
889,31,Limburg,Beesel,13519,0,0,0,0,0,0,0,0,0,0,0,0,0,0,0.0,0.0,0.0,0.0,0.0,0,0,0,1,3,5
1945,25,Gelderland,Berg en Dal,34798,0,0,0,0,0,0,0,0,0,0,0,0,1,3,3.0,5.0,6.0,6.0,10.0,14,14,18,20,25,30
1724,30,Noord-Brabant,Bergeijk,18491,0,0,0,0,0,0,0,0,0,0,0,0,0,1,1.0,1.0,1.0,1.0,1.0,1,1,1,1,1,1
893,31,Limburg,Bergen (L.),13140,0,0,0,0,0,0,0,0,0,0,0,0,0,0,0.0,0.0,0.0,0.0,0.0,0,1,1,1,1,1
373,27,Noord-Holland,Bergen (NH.),29974,0,0,0,0,0,0,0,0,0,0,0,0,0,0,0.0,0.0,1.0,1.0,1.0,1,2,4,4,6,8
748,30,Noord-Brabant,Bergen op Zoom,66811,0,0,0,0,0,0,0,0,0,0,1,1,1,1,1.0,1.0,1.0,4.0,4.0,5,5,6,8,9,10
1859,25,Gelderland,Berkelland,43904,0,0,0,0,0,0,0,0,0,0,0,0,0,0,0.0,0.0,0.0,0.0,0.0,0,0,1,1,1,1
1721,30,Noord-Brabant,Bernheze,30806,0,0,0,0,0,0,0,0,0,1,1,2,2,2,4.0,13.0,15.0,16.0,19.0,20,26,30,37,41,57
753,30,Noord-Brabant,Best,29821,0,0,0,0,0,0,0,1,1,1,2,2,2,3,3.0,3.0,3.0,3.0,4.0,5,6,6,8,11,14
209,25,Gelderland,Beuningen,25882,0,0,0,0,0,0,0,0,1,1,5,3,3,3,3.0,3.0,4.0,4.0,5.0,6,6,6,8,9,11
375,27,Noord-Holland,Beverwijk,41176,0,0,0,0,0,0,1,2,2,3,4,4,4,4,5.0,5.0,5.0,5.0,5.0,6,6,6,6,6,7
1728,30,Noord-Brabant,Bladel,20175,0,0,0,0,0,0,0,0,0,0,0,0,0,0,0.0,0.0,1.0,1.0,1.0,1,2,3,6,7,11
376,27,Noord-Holland,Blaricum,11202,0,0,0,0,0,0,1,1,1,1,1,1,1,1,1.0,1.0,1.0,1.0,1.0,1,2,2,3,4,4
377,27,Noord-Holland,Bloemendaal,23410,0,0,0,0,0,0,0,0,0,1,1,1,1,1,1.0,1.0,1.0,1.0,1.0,3,3,3,3,8,8
1901,28,Zuid-Holland,Bodegraven-Reeuwijk,34462,0,0,0,0,0,0,0,0,0,0,0,0,0,0,1.0,1.0,1.0,1.0,1.0,1,1,1,1,3,5
755,30,Noord-Brabant,Boekel,10588,0,0,0,0,0,0,0,0,0,0,1,1,2,7,8.0,11.0,12.0,12.0,14.0,14,19,20,25,32,37
1681,22,Drenthe,Borger-Odoorn,25372,0,0,0,0,0,0,0,0,0,0,0,0,0,0,0.0,0.0,0.0,0.0,0.0,0,0,0,0,0,0
147,23,Overijssel,Borne,23210,0,0,0,0,0,0,0,1,1,2,3,3,3,3,2.0,3.0,3.0,3.0,3.0,3,3,3,3,4,5
654,29,Zeeland,Borsele,22800,0,0,0,0,0,0,0,0,0,0,0,0,0,1,1.0,1.0,1.0,1.0,2.0,2,2,3,3,3,3
756,30,Noord-Brabant,Boxmeer,29065,0,0,0,0,0,0,0,0,0,0,0,0,0,0,0.0,1.0,1.0,1.0,1.0,1,2,2,5,6,7
757,30,Noord-Brabant,Boxtel,30747,0,0,0,0,0,0,0,0,0,0,0,0,0,0,1.0,1.0,2.0,2.0,3.0,5,5,6,6,11,12
758,30,Noord-Brabant,Breda,183873,0,0,0,0,0,0,0,0,2,2,16,19,27,32,42.0,53.0,64.0,71.0,86.0,96,105,113,121,133,140
501,28,Zuid-Holland,Brielle,17182,0,0,0,0,0,0,0,0,0,0,0,0,0,0,0.0,0.0,0.0,0.0,0.0,0,0,1,1,1,1
1876,25,Gelderland,Bronckhorst,36212,0,0,0,0,0,0,0,0,1,1,2,2,2,2,2.0,2.0,2.0,2.0,2.0,2,2,3,5,6,6
213,25,Gelderland,Brummen,20698,0,0,0,0,0,0,0,0,0,0,0,0,0,0,0.0,0.0,0.0,0.0,0.0,0,0,1,1,1,1
899,31,Limburg,Brunssum,28103,0,0,0,0,0,0,0,0,0,0,0,0,0,0,0.0,0.0,0.0,0.0,0.0,2,4,4,6,6,6
312,26,Utrecht,Bunnik,15192,0,0,0,0,0,0,0,0,0,0,0,0,0,0,0.0,0.0,0.0,0.0,0.0,0,0,1,2,3,3
313,26,Utrecht,Bunschoten,21576,0,0,0,0,0,0,0,0,0,0,0,0,0,0,0.0,0.0,0.0,0.0,0.0,0,0,0,0,0,0
214,25,Gelderland,Buren,26568,0,0,0,0,0,0,0,0,0,0,0,0,0,0,1.0,2.0,2.0,2.0,4.0,4,4,5,5,5,5
502,28,Zuid-Holland,Capelle aan den IJssel,66818,0,0,0,0,0,0,0,0,0,0,0,0,0,0,0.0,0.0,0.0,0.0,0.0,1,1,2,3,3,7
383,27,Noord-Holland,Castricum,35772,0,0,0,0,0,0,0,0,0,0,0,0,0,0,0.0,0.0,4.0,5.0,5.0,5,5,6,6,7,8
109,22,Drenthe,Coevorden,35483,0,0,0,1,1,2,2,3,3,3,7,9,11,11,11.0,11.0,11.0,11.0,11.0,11,12,12,13,14,14
1706,30,Noord-Brabant,Cranendonck,20440,0,0,0,0,0,0,0,0,0,0,0,0,0,1,1.0,2.0,2.0,2.0,2.0,5,6,6,8,11,13
1684,30,Noord-Brabant,Cuijk,24931,0,0,0,0,0,0,0,0,0,0,0,0,0,1,1.0,2.0,2.0,2.0,2.0,2,2,4,4,4,4
216,25,Gelderland,Culemborg,28555,0,0,0,0,0,0,0,1,1,1,1,1,1,1,1.0,2.0,2.0,2.0,2.0,4,4,4,4,5,5
148,23,Overijssel,Dalfsen,28499,0,0,0,0,0,0,0,0,0,0,0,0,0,0,0.0,0.0,0.0,1.0,1.0,1,1,1,4,5,8
1891,21,Friesland,Dantumadiel,18923,0,0,0,0,0,0,0,0,0,0,0,0,0,0,0.0,0.0,0.0,0.0,0.0,0,0,0,0,0,0
310,26,Utrecht,De Bilt,42824,0,0,0,0,0,0,0,2,3,6,6,6,6,10,11.0,11.0,11.0,12.0,13.0,15,16,16,18,19,20
1940,21,Friesland,De Fryske Marren,51430,0,0,0,0,0,0,0,0,0,0,0,0,0,0,1.0,2.0,2.0,3.0,3.0,3,5,5,6,8,8
736,26,Utrecht,De Ronde Venen,44059,0,0,0,0,0,0,0,0,0,0,0,0,0,0,0.0,0.0,0.0,0.0,2.0,2,2,2,3,3,4
1690,22,Drenthe,De Wolden,24110,0,0,0,0,0,0,0,0,0,0,0,0,0,0,0.0,0.0,1.0,1.0,1.0,1,1,1,2,3,3
503,28,Zuid-Holland,Delft,103163,0,0,1,1,1,1,1,1,1,1,1,1,1,1,1.0,2.0,2.0,2.0,2.0,2,4,5,9,11,12
10,20,Groningen,Delfzijl,24716,0,0,0,0,0,0,0,0,0,0,0,0,0,0,0.0,0.0,0.0,0.0,0.0,0,0,0,0,0,0
400,27,Noord-Holland,Den Helder,55604,0,0,0,0,0,0,0,0,0,0,0,0,0,1,1.0,1.0,1.0,1.0,1.0,1,1,2,2,3,3
762,30,Noord-Brabant,Deurne,32362,0,0,0,0,0,0,0,0,0,0,1,1,1,3,3.0,3.0,3.0,4.0,5.0,8,8,10,13,19,22
150,23,Overijssel,Deventer,99957,0,0,0,0,0,0,0,0,0,0,0,0,0,0,0.0,0.0,0.0,1.0,2.0,4,5,5,7,16,16
384,27,Noord-Holland,Diemen,29196,0,0,2,2,2,2,2,2,2,2,2,2,2,2,2.0,2.0,2.0,2.0,2.0,2,2,2,3,3,4
1774,23,Overijssel,Dinkelland,26350,0,0,0,0,0,0,0,0,0,1,2,2,2,2,1.0,3.0,4.0,4.0,5.0,5,6,8,9,13,14
221,25,Gelderland,Doesburg,11148,0,0,0,0,0,0,0,0,0,0,0,0,0,0,0.0,0.0,0.0,1.0,1.0,1,1,1,3,3,4
222,25,Gelderland,Doetinchem,57555,0,0,0,0,0,0,0,0,0,0,0,0,0,0,0.0,0.0,0.0,0.0,0.0,0,0,3,4,5,5
766,30,Noord-Brabant,Dongen,26051,0,0,0,0,0,0,0,1,1,2,3,3,3,4,4.0,4.0,5.0,5.0,5.0,5,5,5,2,2,2
505,28,Zuid-Holland,Dordrecht,118654,0,0,0,0,0,0,0,0,0,0,0,0,0,0,0.0,1.0,1.0,1.0,1.0,4,4,8,11,12,13
498,27,Noord-Holland,Drechterland,19597,0,0,0,0,0,0,0,0,0,0,0,0,0,0,0.0,0.0,0.0,0.0,0.0,0,0,0,0,2,2
1719,30,Noord-Brabant,Drimmelen,27150,0,0,0,0,0,0,0,0,0,0,0,0,0,1,3.0,5.0,5.0,5.0,7.0,11,12,13,13,14,14
303,24,Flevoland,Dronten,40815,0,0,0,0,0,0,0,0,0,0,0,0,0,0,0.0,2.0,3.0,6.0,7.0,7,8,9,10,11,10
225,25,Gelderland,Druten,18797,0,0,0,0,0,0,0,0,0,0,0,0,0,0,0.0,1.0,3.0,5.0,5.0,5,5,5,5,5,5
226,25,Gelderland,Duiven,25332,0,0,0,0,0,0,0,0,0,0,0,0,0,0,0.0,1.0,1.0,1.0,1.0,1,2,2,2,2,2
1711,31,Limburg,Echt-Susteren,31638,0,0,0,0,0,0,0,0,0,0,0,0,0,0,0.0,0.0,0.0,0.0,0.0,2,6,6,7,11,12
385,27,Noord-Holland,Edam-Volendam,36099,0,0,0,0,0,0,0,0,0,0,0,0,0,0,0.0,0.0,0.0,0.0,0.0,0,0,3,3,4,5
228,25,Gelderland,Ede,115710,0,0,0,0,0,0,0,0,0,0,0,0,0,0,0.0,0.0,0.0,1.0,2.0,2,5,5,9,13,16
317,26,Utrecht,Eemnes,9113,0,0,0,0,0,0,0,0,0,0,0,0,0,0,0.0,0.0,0.0,0.0,0.0,0,1,1,1,1,1
770,30,Noord-Brabant,Eersel,19110,0,0,0,0,0,0,0,0,0,0,0,0,0,0,1.0,1.0,2.0,2.0,2.0,3,4,4,6,7,9
1903,31,Limburg,Eijsden-Margraten,25658,0,0,0,0,0,0,0,0,0,0,0,0,0,0,0.0,0.0,1.0,3.0,4.0,4,4,4,6,6,6
772,30,Noord-Brabant,Eindhoven,231642,0,0,0,0,0,1,1,3,4,4,6,7,8,8,8.0,12.0,13.0,21.0,21.0,22,23,24,28,35,46
230,25,Gelderland,Elburg,23086,0,0,0,0,0,0,0,0,0,0,0,0,0,0,0.0,1.0,1.0,1.0,1.0,1,1,1,2,2,3
114,22,Drenthe,Emmen,107113,0,0,0,0,0,0,0,0,0,0,1,1,1,1,1.0,1.0,1.0,1.0,1.0,1,2,3,4,4,4
388,27,Noord-Holland,Enkhuizen,18507,0,0,0,0,0,0,0,0,0,0,0,0,0,0,0.0,0.0,0.0,0.0,1.0,1,1,5,5,6,7
153,23,Overijssel,Enschede,158986,0,0,0,0,0,0,0,0,0,0,0,0,0,1,3.0,3.0,3.0,3.0,3.0,3,4,7,8,16,18
232,25,Gelderland,Epe,33145,0,0,0,0,0,0,0,0,0,0,0,0,0,0,0.0,0.0,0.0,0.0,2.0,2,4,4,4,6,8
233,25,Gelderland,Ermelo,26858,0,0,0,0,0,0,0,0,0,0,0,0,1,1,3.0,4.0,5.0,7.0,8.0,8,8,8,9,11,13
777,30,Noord-Brabant,Etten-Leur,43774,0,0,0,0,0,0,0,0,0,0,0,1,3,5,5.0,6.0,7.0,8.0,10.0,12,13,14,15,18,20
779,30,Noord-Brabant,Geertruidenberg,21515,0,0,0,0,0,0,0,0,0,0,0,0,0,1,1.0,1.0,1.0,1.0,3.0,5,7,7,7,7,8
1771,30,Noord-Brabant,Geldrop-Mierlo,39595,0,0,0,0,0,0,0,0,0,0,0,0,0,0,1.0,2.0,2.0,2.0,3.0,3,3,4,4,6,6
1652,30,Noord-Brabant,Gemert-Bakel,30447,0,0,0,0,0,0,0,1,1,1,1,1,2,4,7.0,11.0,13.0,16.0,20.0,25,26,31,36,42,50
907,31,Limburg,Gennep,17071,0,0,0,0,0,0,0,0,0,0,0,0,0,0,0.0,1.0,1.0,1.0,1.0,1,2,4,4,5,7
784,30,Noord-Brabant,Gilze en Rijen,26431,0,0,0,0,0,0,0,0,0,0,0,0,0,0,0.0,1.0,1.0,1.0,1.0,1,3,5,7,7,12
1924,28,Zuid-Holland,Goeree-Overflakkee,49611,0,0,0,0,0,0,0,0,0,0,0,0,0,0,0.0,1.0,1.0,2.0,4.0,5,7,8,14,16,25
664,29,Zeeland,Goes,37653,0,0,0,0,0,0,0,0,0,0,0,0,1,2,2.0,2.0,2.0,2.0,2.0,2,3,3,3,3,3
785,30,Noord-Brabant,Goirle,23793,0,0,0,0,0,0,0,0,0,0,1,4,4,6,6.0,6.0,6.0,6.0,9.0,9,9,11,11,12,13
1942,27,Noord-Holland,Gooise Meren,57715,0,0,0,0,0,0,1,1,2,2,2,2,2,3,3.0,3.0,4.0,4.0,4.0,9,9,10,10,11,11
512,28,Zuid-Holland,Gorinchem,36682,0,0,0,1,1,0,0,0,0,0,0,0,0,0,0.0,0.0,0.0,0.0,0.0,0,0,1,0,0,2
513,28,Zuid-Holland,Gouda,73181,0,0,0,0,0,0,0,0,0,0,0,0,1,2,2.0,2.0,2.0,3.0,4.0,5,7,9,10,12,15
786,30,Noord-Brabant,Grave,12483,0,0,0,0,0,0,0,0,0,0,0,0,0,0,0.0,0.0,0.0,0.0,0.0,0,1,2,4,6,10
14,20,Groningen,Groningen,231299,0,0,0,0,0,0,0,0,0,0,0,0,0,0,2.0,3.0,3.0,6.0,7.0,7,11,23,28,39,46
1729,31,Limburg,Gulpen-Wittem,14246,0,0,0,0,0,0,0,0,0,0,0,0,0,0,0.0,0.0,0.0,1.0,2.0,2,2,2,2,2,2
158,23,Overijssel,Haaksbergen,24277,0,0,0,0,0,0,0,0,0,0,0,0,0,0,0.0,0.0,0.0,1.0,1.0,1,1,1,1,1,3
788,30,Noord-Brabant,Haaren,14195,0,0,0,0,0,0,0,0,0,0,0,2,2,6,6.0,7.0,7.0,7.0,7.0,7,9,9,9,10,12
392,27,Noord-Holland,Haarlem,161265,0,0,0,0,0,1,1,1,1,1,2,2,1,1,1.0,4.0,4.0,4.0,6.0,7,7,10,17,25,27
394,27,Noord-Holland,Haarlemmermeer,154235,0,0,0,0,0,0,0,0,0,0,0,0,0,0,0.0,0.0,0.0,1.0,2.0,4,4,5,8,12,16
1655,30,Noord-Brabant,Halderberge,30194,0,0,0,0,0,0,0,0,0,0,0,0,0,0,0.0,0.0,0.0,0.0,2.0,2,2,2,2,5,7
160,23,Overijssel,Hardenberg,60574,0,0,0,0,0,0,0,0,0,0,0,0,0,0,0.0,0.0,0.0,0.0,0.0,0,0,0,1,3,3
243,25,Gelderland,Harderwijk,47581,0,0,0,0,0,0,0,0,0,0,0,0,0,0,2.0,2.0,2.0,2.0,4.0,4,5,5,5,5,6
523,28,Zuid-Holland,Hardinxveld-Giessendam,18051,0,0,0,0,0,0,1,2,4,4,4,4,5,5,5.0,5.0,5.0,5.0,5.0,5,5,5,6,6,6
72,21,Friesland,Harlingen,15758,0,0,0,0,0,0,0,0,0,0,0,0,0,0,0.0,0.0,0.0,0.0,1.0,1,1,1,1,3,3
244,25,Gelderland,Hattem,12173,0,0,0,0,0,0,0,0,0,0,0,0,0,0,0.0,0.0,0.0,0.0,0.0,0,0,0,0,1,1
396,27,Noord-Holland,Heemskerk,39164,0,0,0,0,0,0,0,0,0,0,0,0,0,0,0.0,1.0,1.0,1.0,2.0,2,2,3,5,5,5
397,27,Noord-Holland,Heemstede,27286,0,0,0,0,0,0,0,0,0,0,1,1,1,1,2.0,2.0,2.0,2.0,5.0,5,5,5,7,11,11
246,25,Gelderland,Heerde,18546,0,0,0,0,0,0,0,0,0,0,0,0,0,0,0.0,0.0,0.0,0.0,2.0,3,3,4,5,9,9
74,21,Friesland,Heerenveen,50257,0,0,0,0,0,0,0,0,0,0,0,0,0,0,0.0,0.0,0.0,0.0,0.0,0,0,0,1,2,2
398,27,Noord-Holland,Heerhugowaard,56742,0,0,0,0,0,0,0,0,0,0,0,0,0,0,0.0,0.0,0.0,1.0,1.0,1,2,2,3,5,8
917,31,Limburg,Heerlen,86832,0,0,0,0,0,0,0,0,0,0,0,0,0,1,2.0,2.0,4.0,5.0,6.0,8,14,15,18,19,24
1658,30,Noord-Brabant,Heeze-Leende,15964,0,0,0,0,0,0,0,0,0,0,0,0,0,1,1.0,1.0,1.0,1.0,2.0,3,4,4,4,4,7
399,27,Noord-Holland,Heiloo,23464,0,0,0,0,0,0,0,0,0,0,0,0,0,0,0.0,2.0,2.0,2.0,3.0,3,3,3,3,4,6
163,23,Overijssel,Hellendoorn,35808,0,0,0,0,0,0,0,0,0,1,2,2,2,2,2.0,2.0,2.0,2.0,2.0,2,2,2,2,3,4
530,28,Zuid-Holland,Hellevoetsluis,40049,0,0,0,0,0,0,0,0,0,0,0,0,0,0,1.0,1.0,1.0,1.0,1.0,1,1,1,4,4,4
794,30,Noord-Brabant,Helmond,91524,0,0,0,0,1,1,4,4,4,4,5,7,11,12,14.0,16.0,17.0,17.0,17.0,19,20,22,26,32,38
531,28,Zuid-Holland,Hendrik-Ido-Ambacht,30966,0,0,0,0,0,0,0,0,0,0,0,0,0,0,0.0,0.0,0.0,0.0,0.0,0,0,0,0,0,1
164,23,Overijssel,Hengelo,80683,0,0,0,0,0,0,0,0,0,0,0,0,0,0,0.0,0.0,0.0,0.0,3.0,3,4,4,5,13,15
1966,20,Groningen,Het Hogeland,47888,0,0,0,0,0,0,0,0,0,0,0,0,0,0,0.0,0.0,0.0,0.0,0.0,0,0,0,0,0,0
252,25,Gelderland,Heumen,16486,0,0,0,0,0,0,0,0,0,0,0,0,0,0,0.0,0.0,0.0,2.0,2.0,3,5,6,7,7,7
797,30,Noord-Brabant,Heusden,44135,0,0,0,0,0,0,0,0,0,1,1,1,1,2,2.0,4.0,4.0,4.0,4.0,4,5,6,7,11,15
534,28,Zuid-Holland,Hillegom,21966,0,0,0,0,0,0,0,0,0,0,0,0,0,0,0.0,0.0,0.0,0.0,0.0,0,1,1,2,2,2
798,30,Noord-Brabant,Hilvarenbeek,15334,0,0,0,0,0,0,0,0,0,0,0,0,0,1,3.0,5.0,5.0,5.0,4.0,4,4,4,4,5,6
402,27,Noord-Holland,Hilversum,90238,0,0,0,0,0,0,0,0,0,0,0,0,0,0,0.0,0.0,0.0,0.0,0.0,3,3,3,5,7,7
1963,28,Zuid-Holland,Hoeksche Waard,86656,0,0,0,0,0,0,1,1,1,2,2,2,2,2,1.0,1.0,1.0,2.0,4.0,6,8,12,17,17,21
1735,23,Overijssel,Hof van Twente,34940,0,0,0,0,0,0,0,0,0,0,0,0,0,0,0.0,0.0,0.0,1.0,1.0,1,3,3,3,4,5
1911,27,Noord-Holland,Hollands Kroon,47815,0,0,0,0,0,0,0,0,0,0,0,0,0,0,0.0,0.0,0.0,0.0,0.0,0,1,3,3,6,7
118,22,Drenthe,Hoogeveen,55662,0,0,0,0,0,0,0,0,0,0,0,0,0,0,1.0,1.0,2.0,2.0,2.0,2,3,3,4,5,5
405,27,Noord-Holland,Hoorn,73004,0,0,0,0,0,0,0,0,0,0,0,0,0,0,0.0,0.0,0.0,0.0,1.0,1,1,2,3,8,9
1507,31,Limburg,Horst aan de Maas,42291,0,0,0,0,0,0,0,0,0,0,0,0,0,0,0.0,2.0,3.0,3.0,5.0,8,8,10,11,13,13
321,26,Utrecht,Houten,49911,0,0,0,0,1,1,1,9,9,13,13,13,13,13,13.0,13.0,13.0,13.0,13.0,13,14,17,17,19,23
406,27,Noord-Holland,Huizen,41273,0,0,0,0,0,0,0,0,0,0,1,1,1,2,1.0,1.0,1.0,1.0,1.0,1,2,3,3,3,3
677,29,Zeeland,Hulst,27524,0,0,0,0,0,0,0,0,0,0,0,0,0,0,0.0,0.0,0.0,0.0,0.0,0,0,0,0,0,0
353,26,Utrecht,IJsselstein,34160,0,0,0,0,0,0,0,0,0,0,1,1,1,1,1.0,1.0,1.0,2.0,4.0,6,7,8,8,11,13
1884,28,Zuid-Holland,Kaag en Braassem,26866,0,0,0,0,0,0,0,0,0,0,0,0,0,0,0.0,0.0,0.0,0.0,0.0,0,0,1,1,1,2
166,23,Overijssel,Kampen,53779,0,0,0,0,0,0,0,0,0,0,0,0,0,0,0.0,0.0,0.0,0.0,0.0,1,2,2,5,12,14
678,29,Zeeland,Kapelle,12785,0,0,0,0,0,0,0,0,0,0,0,0,0,0,0.0,0.0,0.0,0.0,0.0,1,2,2,2,2,2
537,28,Zuid-Holland,Katwijk,65302,0,0,0,0,0,0,0,0,0,0,0,0,0,0,1.0,1.0,1.0,1.0,1.0,1,2,2,3,5,6
928,31,Limburg,Kerkrade,45642,0,0,0,0,0,0,0,0,0,0,0,0,0,0,0.0,0.0,1.0,2.0,2.0,3,3,3,5,6,8
1598,27,Noord-Holland,Koggenland,22738,0,0,0,0,0,0,0,0,0,0,0,0,0,0,0.0,0.0,1.0,1.0,1.0,1,1,1,1,1,2
542,28,Zuid-Holland,Krimpen aan den IJssel,29376,0,0,0,0,0,0,0,0,0,0,0,0,0,0,1.0,1.0,1.0,1.0,1.0,1,1,2,2,2,3
1931,28,Zuid-Holland,Krimpenerwaard,56048,0,0,0,0,0,0,0,0,0,0,1,1,1,3,3.0,3.0,3.0,4.0,4.0,4,4,5,7,9,11
1659,30,Noord-Brabant,Laarbeek,22333,0,0,0,0,0,0,0,0,0,0,0,0,0,0,0.0,1.0,1.0,1.0,1.0,1,2,4,6,8,11
1685,30,Noord-Brabant,Landerd,15529,0,0,0,0,0,0,0,0,0,0,2,2,1,2,2.0,4.0,5.0,5.0,10.0,14,16,18,20,20,22
882,31,Limburg,Landgraaf,37591,0,0,0,0,0,0,0,0,0,0,0,0,0,0,1.0,2.0,4.0,4.0,4.0,4,7,7,7,9,10
415,27,Noord-Holland,Landsmeer,11488,0,0,0,0,0,0,0,0,0,1,0,0,0,0,2.0,2.0,2.0,3.0,3.0,3,3,3,4,4,5
416,27,Noord-Holland,Langedijk,27992,0,0,0,0,0,0,0,0,0,0,0,0,0,1,1.0,3.0,3.0,4.0,4.0,4,4,4,4,4,4
1621,28,Zuid-Holland,Lansingerland,61601,0,0,0,0,0,0,0,0,1,2,2,3,4,4,4.0,4.0,4.0,5.0,5.0,7,10,13,14,16,20
417,27,Noord-Holland,Laren,11195,0,0,0,0,0,0,0,0,0,0,0,0,0,0,0.0,0.0,0.0,0.0,0.0,0,0,0,0,0,0
80,21,Friesland,Leeuwarden,123107,0,0,0,0,0,0,0,0,0,0,0,0,0,0,1.0,1.0,1.0,1.0,2.0,3,4,5,5,8,8
546,28,Zuid-Holland,Leiden,124899,0,0,0,0,0,0,0,0,0,0,0,0,1,1,1.0,4.0,4.0,4.0,8.0,8,11,12,14,16,16
547,28,Zuid-Holland,Leiderdorp,27109,0,0,0,0,0,0,0,0,0,0,0,0,0,0,0.0,0.0,0.0,0.0,1.0,1,2,2,2,2,2
1916,28,Zuid-Holland,Leidschendam-Voorburg,75425,0,0,0,0,0,0,0,0,0,1,1,1,2,2,2.0,3.0,3.0,3.0,4.0,5,6,6,7,9,10
995,24,Flevoland,Lelystad,77893,0,0,0,0,0,0,0,0,0,0,0,0,0,1,1.0,3.0,5.0,7.0,8.0,10,12,13,15,15,19
1640,31,Limburg,Leudal,35681,0,0,0,0,0,0,0,0,0,0,0,1,2,3,4.0,4.0,6.0,6.0,7.0,8,11,13,16,20,22
327,26,Utrecht,Leusden,30030,0,0,0,0,0,0,0,0,0,0,0,0,0,0,0.0,0.0,0.0,0.0,1.0,1,3,4,4,6,6
1705,25,Gelderland,Lingewaard,46475,0,0,0,0,0,0,0,0,1,2,2,2,2,2,2.0,2.0,3.0,3.0,3.0,3,4,5,6,6,9
553,28,Zuid-Holland,Lisse,22800,0,0,0,0,0,0,0,0,0,0,0,0,0,0,0.0,0.0,0.0,0.0,0.0,0,0,0,0,0,1
262,25,Gelderland,Lochem,33590,0,0,0,0,0,0,0,0,0,0,0,0,0,0,0.0,0.0,0.0,0.0,0.0,0,1,1,2,2,2
809,30,Noord-Brabant,Loon op Zand,23327,0,0,0,0,1,4,5,5,5,7,7,7,7,7,6.0,7.0,7.0,7.0,7.0,8,9,11,13,14,16
331,26,Utrecht,Lopik,14473,0,0,0,0,0,0,0,0,0,0,0,0,0,0,0.0,0.0,0.0,0.0,1.0,2,3,3,3,4,6
24,20,Groningen,Loppersum,9614,0,0,0,0,0,0,0,0,0,0,0,0,0,0,0.0,0.0,0.0,0.0,0.0,0,0,0,0,0,0
168,23,Overijssel,Losser,22622,0,0,0,0,0,0,0,0,0,0,0,0,0,0,0.0,0.0,0.0,0.0,0.0,0,0,0,0,1,1
263,25,Gelderland,Maasdriel,24693,0,0,0,0,0,0,0,0,0,0,1,1,1,0,0.0,0.0,0.0,0.0,0.0,1,1,1,2,2,2
1641,31,Limburg,Maasgouw,23716,0,0,0,0,0,0,0,0,0,0,0,0,0,0,0.0,0.0,1.0,2.0,2.0,3,4,5,5,7,8
556,28,Zuid-Holland,Maassluis,32768,0,0,0,0,0,0,0,0,0,0,0,0,0,0,0.0,0.0,1.0,1.0,1.0,1,2,2,2,3,5
935,31,Limburg,Maastricht,121565,0,0,0,0,0,0,0,0,2,3,4,6,7,8,8.0,10.0,16.0,21.0,24.0,33,41,42,56,57,59
420,27,Noord-Holland,Medemblik,44809,0,0,0,0,0,0,0,0,0,0,0,0,0,0,0.0,0.0,0.0,0.0,0.0,0,0,0,0,1,2
938,31,Limburg,Meerssen,18923,0,0,0,0,0,0,0,0,0,0,0,0,0,0,0.0,0.0,0.0,0.0,1.0,1,2,2,2,2,3
1948,30,Noord-Brabant,Meierijstad,80815,0,0,0,0,0,0,0,0,0,1,4,10,11,13,18.0,25.0,30.0,34.0,42.0,49,60,72,81,95,119
119,22,Drenthe,Meppel,33564,0,0,0,0,0,0,0,0,0,0,0,0,0,0,0.0,0.0,0.0,0.0,0.0,0,0,0,1,1,1
687,29,Zeeland,Middelburg,48544,0,0,0,0,0,0,0,0,0,0,0,0,0,0,0.0,0.0,0.0,0.0,1.0,1,2,3,3,4,5
1842,28,Zuid-Holland,Midden-Delfland,19391,0,0,0,0,0,0,0,0,0,0,0,0,0,0,0.0,0.0,0.0,0.0,0.0,0,0,1,2,2,2
1731,22,Drenthe,Midden-Drenthe,33178,0,0,0,0,0,0,0,0,0,0,0,0,0,0,0.0,0.0,0.0,0.0,0.0,0,0,1,1,1,1
1952,20,Groningen,Midden-Groningen,60899,0,0,0,0,0,0,0,0,0,0,0,0,0,0,0.0,0.0,0.0,1.0,1.0,1,2,2,2,2,2
815,30,Noord-Brabant,Mill en Sint Hubert,10891,0,0,0,0,0,0,0,0,0,0,0,0,0,0,0.0,0.0,0.0,1.0,1.0,1,1,2,2,2,2
1709,30,Noord-Brabant,Moerdijk,36961,0,0,0,0,0,0,0,0,0,0,0,0,0,0,0.0,1.0,1.0,1.0,1.0,1,1,2,3,3,3
1978,28,Zuid-Holland,Molenlanden,43858,0,0,0,0,0,0,0,0,0,0,0,0,0,0,0.0,0.0,0.0,1.0,2.0,3,7,9,11,11,11
1955,25,Gelderland,Montferland,36026,0,0,0,0,0,0,0,0,0,0,0,0,0,0,0.0,0.0,0.0,0.0,0.0,0,1,1,1,1,2
335,26,Utrecht,Montfoort,13996,0,0,0,0,0,0,0,0,0,0,0,0,0,0,0.0,0.0,0.0,0.0,0.0,0,0,0,0,0,0
944,31,Limburg,Mook en Middelaar,7806,0,0,0,0,0,0,0,0,0,0,0,0,0,0,0.0,0.0,0.0,0.0,0.0,0,0,1,1,1,1
1740,25,Gelderland,Neder-Betuwe,24034,0,0,0,0,0,0,0,0,0,0,0,1,1,1,1.0,3.0,3.0,4.0,4.0,4,4,4,5,5,9
946,31,Limburg,Nederweert,17001,0,0,0,0,0,0,0,0,0,0,0,0,0,0,0.0,1.0,3.0,3.0,3.0,5,7,7,7,7,8
356,26,Utrecht,Nieuwegein,63036,0,0,0,0,0,0,0,0,0,0,0,0,0,0,0.0,0.0,0.0,1.0,1.0,3,4,6,8,9,9
569,28,Zuid-Holland,Nieuwkoop,28628,0,0,0,0,0,0,0,0,0,0,0,0,0,0,1.0,1.0,1.0,1.0,1.0,1,1,1,1,2,3
267,25,Gelderland,Nijkerk,42943,0,0,0,0,0,0,0,0,0,0,0,0,0,0,0.0,0.0,0.0,0.0,1.0,2,2,2,2,4,4
268,25,Gelderland,Nijmegen,176731,0,0,0,0,0,0,0,0,1,2,2,3,3,4,6.0,8.0,9.0,12.0,17.0,31,41,48,55,60,68
1930,28,Zuid-Holland,Nissewaard,84797,0,0,0,0,0,0,0,0,0,0,0,0,0,0,1.0,1.0,1.0,1.0,1.0,3,4,7,11,12,15
1970,21,Friesland,Noardeast-Fryslân,45181,0,0,0,0,0,0,0,0,0,0,0,0,0,0,0.0,0.0,0.0,0.0,0.0,0,0,1,1,1,1
1695,29,Zeeland,Noord-Beveland,7308,0,0,0,0,0,0,0,0,0,0,0,0,0,0,0.0,0.0,0.0,0.0,0.0,0,0,0,0,0,0
1699,22,Drenthe,Noordenveld,31290,0,0,0,0,0,0,0,0,0,0,0,0,0,0,0.0,0.0,0.0,0.0,1.0,1,1,1,1,1,1
171,24,Flevoland,Noordoostpolder,46849,0,0,0,0,0,0,0,0,0,0,0,0,0,0,0.0,0.0,2.0,2.0,2.0,2,2,2,2,3,3
575,28,Zuid-Holland,Noordwijk,42859,0,0,0,0,0,0,0,0,0,0,0,2,2,2,2.0,2.0,2.0,2.0,2.0,2,2,3,2,3,6
820,30,Noord-Brabant,"Nuenen, Gerwen en Nederwetten",23186,0,0,0,0,0,0,0,0,0,0,0,0,1,1,1.0,1.0,1.0,1.0,1.0,1,1,1,1,1,3
302,25,Gelderland,Nunspeet,27481,0,0,0,0,0,0,0,0,0,0,0,0,0,0,0.0,1.0,1.0,1.0,2.0,2,3,3,4,9,13
579,28,Zuid-Holland,Oegstgeest,24426,0,0,0,0,0,0,0,0,0,1,1,1,1,2,2.0,2.0,4.0,4.0,4.0,4,4,5,6,7,7
823,30,Noord-Brabant,Oirschot,18623,0,0,0,0,0,0,0,0,0,0,0,0,0,0,0.0,0.0,0.0,0.0,1.0,1,1,1,1,1,3
824,30,Noord-Brabant,Oisterwijk,26140,0,0,0,0,0,0,0,0,1,3,3,3,3,4,5.0,6.0,6.0,6.0,9.0,10,10,10,12,15,16
1895,20,Groningen,Oldambt,38129,0,0,0,0,0,0,0,0,0,0,0,0,0,0,0.0,0.0,0.0,0.0,0.0,0,0,0,0,0,0
269,25,Gelderland,Oldebroek,23598,0,0,0,0,0,0,0,0,0,0,0,0,0,0,0.0,1.0,1.0,1.0,2.0,2,5,5,5,6,7
173,23,Overijssel,Oldenzaal,31840,0,0,0,0,0,0,0,0,0,0,0,0,0,0,0.0,0.0,1.0,1.0,1.0,1,2,3,5,6,6
1773,23,Overijssel,Olst-Wijhe,18071,0,0,0,0,0,0,0,0,0,0,0,0,0,0,0.0,0.0,0.0,0.0,0.0,0,0,0,0,2,2
175,23,Overijssel,Ommen,17813,0,0,0,0,0,0,0,0,0,0,0,0,0,0,0.0,0.0,1.0,1.0,1.0,1,2,2,3,4,4
1586,25,Gelderland,Oost Gelre,29704,0,0,0,0,0,0,0,0,0,0,0,0,0,0,0.0,0.0,0.0,0.0,0.0,0,0,0,1,2,2
826,30,Noord-Brabant,Oosterhout,55616,0,0,0,0,0,0,0,0,0,0,0,0,0,0,1.0,3.0,4.0,5.0,6.0,8,9,9,12,13,16
85,21,Friesland,Ooststellingwerf,25497,0,0,0,0,0,0,0,0,0,0,0,0,0,0,0.0,0.0,0.0,0.0,0.0,0,0,0,0,0,0
431,27,Noord-Holland,Oostzaan,9757,0,0,0,0,0,0,0,0,0,0,0,0,0,0,0.0,0.0,0.0,0.0,0.0,1,2,2,3,3,4
432,27,Noord-Holland,Opmeer,11779,0,0,0,0,0,0,0,0,0,0,0,0,0,0,0.0,0.0,0.0,0.0,0.0,0,0,0,0,0,0
86,21,Friesland,Opsterland,29723,0,0,0,0,0,0,0,0,0,0,0,0,2,2,2.0,2.0,2.0,2.0,2.0,2,2,2,2,2,2
828,30,Noord-Brabant,Oss,91451,0,0,0,0,1,1,1,1,1,1,1,1,1,2,3.0,3.0,4.0,5.0,11.0,14,20,26,35,44,59
1509,25,Gelderland,Oude IJsselstreek,39473,0,0,0,0,0,0,0,0,0,0,0,0,0,0,0.0,0.0,0.0,0.0,1.0,2,2,2,2,4,4
437,27,Noord-Holland,Ouder-Amstel,13916,0,0,0,0,0,0,0,0,0,0,0,0,0,0,0.0,0.0,0.0,0.0,0.0,2,3,3,3,4,4
589,26,Utrecht,Oudewater,10201,0,0,0,0,0,0,0,0,0,0,0,0,0,0,0.0,0.0,0.0,1.0,1.0,1,1,2,2,3,4
1734,25,Gelderland,Overbetuwe,47543,0,0,0,0,0,0,0,0,0,0,0,0,0,0,0.0,0.0,4.0,6.0,8.0,9,9,11,15,20,22
590,28,Zuid-Holland,Papendrecht,32290,0,0,0,0,0,0,0,0,0,0,0,0,0,0,0.0,0.0,0.0,0.0,0.0,0,0,1,2,2,4
1894,31,Limburg,Peel en Maas,43311,0,0,0,0,0,0,0,0,0,0,0,0,1,3,4.0,8.0,10.0,14.0,19.0,31,36,41,49,63,64
765,20,Groningen,Pekela,12214,0,0,0,0,0,0,0,0,0,0,0,0,0,0,1.0,1.0,1.0,1.0,1.0,1,1,1,1,2,2
1926,28,Zuid-Holland,Pijnacker-Nootdorp,54331,0,0,0,0,0,0,0,2,2,2,2,2,4,5,5.0,6.0,6.0,7.0,8.0,10,11,11,11,11,11
439,27,Noord-Holland,Purmerend,80117,0,0,0,0,0,0,0,0,0,0,0,0,0,1,1.0,2.0,2.0,2.0,2.0,2,4,7,11,14,20
273,25,Gelderland,Putten,24198,0,0,0,0,0,0,0,0,0,0,0,0,0,0,0.0,0.0,0.0,0.0,2.0,2,2,2,3,3,3
177,23,Overijssel,Raalte,37511,0,0,0,0,0,0,0,0,0,0,0,0,0,0,1.0,1.0,1.0,1.0,2.0,3,3,3,3,3,5
703,29,Zeeland,Reimerswaal,22678,0,0,0,0,0,0,0,0,0,0,0,0,0,0,1.0,1.0,1.0,1.0,2.0,2,3,4,5,5,5
274,25,Gelderland,Renkum,31302,0,0,0,0,0,0,0,0,1,1,5,5,5,7,7.0,7.0,7.0,8.0,8.0,8,8,8,9,9,10
339,26,Utrecht,Renswoude,5259,0,0,0,0,0,0,0,0,0,0,0,0,0,0,0.0,0.0,0.0,0.0,0.0,0,0,0,0,0,0
1667,30,Noord-Brabant,Reusel-De Mierden,13060,0,0,0,0,0,0,0,0,0,0,0,0,0,0,0.0,0.0,0.0,0.0,0.0,0,0,0,0,0,1
275,25,Gelderland,Rheden,43640,0,0,0,0,0,0,0,0,0,0,0,0,1,1,1.0,1.0,1.0,1.0,1.0,2,3,4,7,7,10
340,26,Utrecht,Rhenen,20004,0,0,0,0,0,0,0,0,0,0,0,0,0,0,0.0,0.0,0.0,0.0,0.0,0,0,0,0,0,0
597,28,Zuid-Holland,Ridderkerk,46241,0,0,0,0,0,0,0,0,0,1,1,1,1,1,1.0,1.0,1.0,1.0,1.0,1,1,1,2,4,5
1742,23,Overijssel,Rijssen-Holten,38300,0,0,0,0,0,0,0,0,0,0,0,0,0,0,0.0,0.0,0.0,0.0,0.0,0,0,0,2,3,4
603,28,Zuid-Holland,Rijswijk,53467,0,0,0,0,0,0,0,0,0,0,0,0,0,0,0.0,0.0,0.0,0.0,1.0,2,3,3,4,4,5
1669,31,Limburg,Roerdalen,20615,0,0,0,0,0,0,0,0,0,0,0,0,0,0,0.0,0.0,0.0,0.0,0.0,0,1,1,4,4,6
957,31,Limburg,Roermond,58209,0,0,0,0,0,0,0,0,0,0,1,1,1,1,1.0,1.0,2.0,2.0,2.0,4,6,13,15,18,21
1674,30,Noord-Brabant,Roosendaal,77032,0,0,0,0,0,0,0,0,0,0,0,0,0,1,1.0,2.0,2.0,5.0,6.0,6,6,7,8,8,11
599,28,Zuid-Holland,Rotterdam,644618,0,0,0,0,0,1,3,5,9,11,14,14,15,15,15.0,20.0,24.0,25.0,30.0,41,58,81,104,120,139
277,25,Gelderland,Rozendaal,1654,0,0,0,0,0,0,0,0,0,0,0,0,0,0,0.0,0.0,0.0,1.0,1.0,1,2,2,2,2,2
840,30,Noord-Brabant,Rucphen,22572,0,0,0,0,0,0,0,0,0,0,0,0,0,0,0.0,0.0,0.0,1.0,1.0,1,1,2,3,6,6
441,27,Noord-Holland,Schagen,46553,0,0,0,0,0,0,0,0,0,0,0,0,1,1,1.0,2.0,3.0,4.0,4.0,4,5,6,6,7,7
279,25,Gelderland,Scherpenzeel,9873,0,0,0,0,0,0,0,0,0,0,0,0,0,0,0.0,0.0,0.0,0.0,0.0,0,0,0,0,0,1
606,28,Zuid-Holland,Schiedam,77999,0,0,0,0,0,0,0,0,0,0,0,0,0,0,0.0,0.0,0.0,1.0,1.0,1,1,2,4,6,8
88,21,Friesland,Schiermonnikoog,936,0,0,0,0,0,0,0,0,0,0,0,0,0,0,0.0,0.0,0.0,0.0,0.0,0,0,0,0,0,0
1676,29,Zeeland,Schouwen-Duiveland,33779,0,0,0,0,0,0,0,0,0,1,1,1,2,1,2.0,2.0,2.0,2.0,2.0,2,2,2,2,3,3
965,31,Limburg,Simpelveld,10516,0,0,0,0,0,0,0,0,2,2,2,2,2,2,2.0,2.0,2.0,3.0,3.0,4,5,5,5,5,5
1702,30,Noord-Brabant,Sint Anthonis,11606,0,0,0,0,0,0,0,0,0,0,0,0,0,0,0.0,0.0,2.0,2.0,3.0,4,5,8,10,12,13
845,30,Noord-Brabant,Sint-Michielsgestel,28991,0,0,0,0,0,0,0,1,2,3,5,5,5,5,5.0,5.0,6.0,6.0,8.0,8,10,10,12,12,14
1883,31,Limburg,Sittard-Geleen,92661,0,0,0,0,0,0,0,2,5,4,7,8,13,20,20.0,23.0,35.0,37.0,38.0,42,51,51,58,58,59
610,28,Zuid-Holland,Sliedrecht,25026,0,0,0,0,0,0,0,0,0,0,0,0,0,0,0.0,0.0,0.0,0.0,0.0,1,1,1,2,3,3
1714,29,Zeeland,Sluis,23386,0,0,0,0,0,0,0,0,0,0,0,0,0,0,0.0,0.0,0.0,1.0,2.0,2,2,2,3,3,4
90,21,Friesland,Smallingerland,55938,0,0,0,0,0,0,0,0,0,0,0,0,0,1,1.0,1.0,2.0,3.0,3.0,3,3,3,3,3,3
342,26,Utrecht,Soest,46194,0,0,0,0,0,0,0,4,6,7,7,7,8,8,8.0,8.0,8.0,8.0,10.0,11,12,13,14,15,16
847,30,Noord-Brabant,Someren,19322,0,0,0,0,0,0,0,0,0,0,0,0,0,0,0.0,0.0,1.0,1.0,1.0,2,3,3,5,5,6
848,30,Noord-Brabant,Son en Breugel,16904,0,0,0,0,0,0,0,0,0,0,0,0,0,1,1.0,2.0,2.0,2.0,4.0,4,4,5,7,8,10
37,20,Groningen,Stadskanaal,31789,0,0,0,0,0,0,0,0,0,0,0,0,0,0,0.0,0.0,0.0,0.0,0.0,0,0,0,0,0,0
180,23,Overijssel,Staphorst,17003,0,0,0,0,0,0,0,0,0,0,0,0,0,0,0.0,0.0,1.0,1.0,1.0,1,1,2,3,3,3
532,27,Noord-Holland,Stede Broec,21706,0,0,0,0,0,0,0,0,0,0,0,0,0,0,0.0,0.0,0.0,0.0,1.0,1,1,3,3,5,5
851,30,Noord-Brabant,Steenbergen,25054,0,0,0,0,0,0,0,0,0,0,0,0,0,0,0.0,0.0,0.0,1.0,2.0,2,2,4,4,5,8
1708,23,Overijssel,Steenwijkerland,43940,0,0,0,0,0,0,0,0,0,0,0,0,0,0,0.0,0.0,0.0,0.0,0.0,1,1,1,1,3,3
971,31,Limburg,Stein,24961,0,0,0,0,0,0,0,0,0,0,0,0,0,1,1.0,1.0,3.0,3.0,3.0,3,4,4,5,5,6
1904,26,Utrecht,Stichtse Vecht,64336,0,0,0,0,0,0,0,2,3,4,5,5,5,5,5.0,6.0,6.0,7.0,7.0,8,9,10,10,10,12
1900,21,Friesland,Súdwest-Fryslân,89710,0,0,0,0,0,0,0,0,0,0,0,0,0,0,1.0,1.0,1.0,1.0,1.0,1,2,2,2,4,5
715,29,Zeeland,Terneuzen,54589,0,0,0,0,0,0,0,0,0,0,0,0,0,0,0.0,0.0,1.0,1.0,1.0,2,3,4,5,5,5
93,21,Friesland,Terschelling,4890,0,0,0,0,0,0,0,0,0,0,0,0,0,0,0.0,0.0,0.0,0.0,0.0,0,0,0,0,0,0
448,27,Noord-Holland,Texel,13547,0,0,0,0,0,0,0,0,0,0,0,0,0,0,0.0,0.0,0.0,0.0,0.0,0,0,2,3,3,3
1525,28,Zuid-Holland,Teylingen,37061,0,0,0,0,0,0,0,0,0,0,0,0,0,0,0.0,0.0,0.0,0.0,1.0,2,2,2,3,5,7
716,29,Zeeland,Tholen,25780,0,0,0,0,0,0,0,0,0,0,0,0,0,0,0.0,0.0,0.0,1.0,1.0,1,2,2,2,7,7
281,25,Gelderland,Tiel,41978,0,0,0,0,0,0,0,0,0,0,0,1,1,1,2.0,2.0,2.0,3.0,4.0,4,4,4,4,4,5
855,30,Noord-Brabant,Tilburg,217259,1,1,3,4,4,2,3,3,4,10,12,27,29,42,50.0,67.0,68.0,68.0,84.0,88,95,119,133,154,178
183,23,Overijssel,Tubbergen,21276,0,0,0,0,0,0,0,0,0,0,0,1,1,1,1.0,1.0,1.0,1.0,1.0,1,1,3,3,3,3
1700,23,Overijssel,Twenterand,33792,0,0,0,0,0,0,0,0,0,0,0,0,0,0,0.0,0.0,0.0,0.0,0.0,0,0,0,0,1,1
1730,22,Drenthe,Tynaarlo,33698,0,0,0,0,0,0,0,0,0,0,0,0,0,0,0.0,0.0,0.0,0.0,0.0,1,3,4,5,7,8
737,21,Friesland,Tytsjerksteradiel,31780,0,0,0,0,0,0,0,0,0,0,0,0,0,0,0.0,0.0,0.0,0.0,1.0,1,1,1,1,1,1
856,30,Noord-Brabant,Uden,41782,0,0,0,0,0,0,0,0,2,6,7,12,13,18,21.0,25.0,28.0,33.0,43.0,49,53,60,71,76,82
450,27,Noord-Holland,Uitgeest,13528,0,0,0,0,0,0,0,0,0,0,0,0,0,0,0.0,0.0,0.0,0.0,0.0,0,0,0,2,2,4
451,27,Noord-Holland,Uithoorn,29424,0,0,0,0,0,0,0,0,0,0,0,0,0,0,0.0,0.0,0.0,0.0,0.0,0,1,2,2,2,2
184,24,Flevoland,Urk,20776,0,0,0,0,0,0,0,0,0,0,0,0,0,0,0.0,0.0,0.0,0.0,0.0,0,1,4,5,6,7
344,26,Utrecht,Utrecht,352866,0,0,0,0,2,2,2,6,8,11,13,13,14,18,25.0,26.0,30.0,38.0,48.0,60,69,83,101,121,131
1581,26,Utrecht,Utrechtse Heuvelrug,49515,0,0,0,0,0,0,0,0,1,1,2,2,2,2,2.0,2.0,2.0,2.0,3.0,5,6,8,8,8,11
981,31,Limburg,Vaals,10092,0,0,0,0,0,0,0,0,0,0,0,0,0,0,0.0,0.0,0.0,0.0,0.0,0,0,0,0,0,0
994,31,Limburg,Valkenburg aan de Geul,16470,0,0,0,0,0,0,0,0,0,0,0,0,0,0,0.0,0.0,0.0,0.0,1.0,2,2,2,4,4,4
858,30,Noord-Brabant,Valkenswaard,30910,0,0,0,0,0,0,0,0,0,0,0,0,0,0,0.0,0.0,0.0,0.0,0.0,0,1,1,2,4,4
47,20,Groningen,Veendam,27491,0,0,0,0,0,0,0,0,0,0,0,0,0,0,0.0,0.0,0.0,0.0,0.0,0,0,0,0,0,0
345,26,Utrecht,Veenendaal,65589,0,0,0,0,0,0,0,0,0,0,0,0,0,0,1.0,1.0,1.0,1.0,1.0,1,1,2,2,2,3
717,29,Zeeland,Veere,21835,0,0,0,0,0,0,0,0,0,0,0,0,0,2,1.0,1.0,1.0,1.0,1.0,1,1,1,2,5,5
861,30,Noord-Brabant,Veldhoven,45337,0,0,0,0,0,0,0,0,0,0,0,1,1,1,1.0,1.0,1.0,1.0,1.0,1,1,2,5,9,11
453,27,Noord-Holland,Velsen,68348,0,0,0,0,0,0,0,0,0,0,0,0,0,0,1.0,1.0,1.0,1.0,4.0,4,4,4,5,8,10
983,31,Limburg,Venlo,101603,0,0,0,0,0,0,0,0,0,0,0,1,1,1,2.0,2.0,3.0,4.0,6.0,8,12,21,24,33,33
984,31,Limburg,Venray,43326,0,0,0,0,0,0,0,0,0,0,0,0,0,0,0.0,0.0,0.0,0.0,0.0,0,1,3,6,8,9
1961,26,Utrecht,Vijfheerenlanden,55712,0,0,0,0,0,0,0,0,0,1,1,1,1,1,1.0,2.0,2.0,2.0,3.0,4,4,7,7,9,11
622,28,Zuid-Holland,Vlaardingen,72404,0,0,0,0,0,0,0,0,0,0,0,0,0,0,1.0,1.0,1.0,1.0,1.0,2,2,4,7,12,15
96,21,Friesland,Vlieland,1138,0,0,0,0,0,0,0,0,0,0,0,0,0,0,0.0,0.0,0.0,0.0,0.0,0,0,0,0,0,0
718,29,Zeeland,Vlissingen,44371,0,0,0,0,0,0,0,0,0,0,0,0,0,0,2.0,2.0,2.0,2.0,3.0,4,4,5,6,6,6
986,31,Limburg,Voerendaal,12452,0,0,0,0,0,0,0,0,0,0,0,0,0,0,0.0,0.0,0.0,0.0,0.0,1,3,3,4,4,4
626,28,Zuid-Holland,Voorschoten,25479,0,0,0,0,0,0,0,0,0,0,0,0,0,0,0.0,0.0,0.0,0.0,0.0,0,1,1,2,2,3
285,25,Gelderland,Voorst,24417,0,0,0,0,0,0,0,0,0,0,0,1,1,1,1.0,1.0,1.0,1.0,1.0,1,1,1,1,2,2
865,30,Noord-Brabant,Vught,26396,0,0,0,0,0,0,0,0,0,0,0,1,1,1,2.0,2.0,2.0,2.0,3.0,6,7,8,8,11,15
1949,21,Friesland,Waadhoeke,46039,0,0,0,0,0,0,0,0,0,0,0,0,0,0,0.0,0.0,0.0,0.0,0.0,0,0,0,0,0,0
866,30,Noord-Brabant,Waalre,17247,0,0,0,0,0,0,0,0,1,1,1,1,1,1,1.0,1.0,1.0,1.0,1.0,1,2,2,2,2,2
867,30,Noord-Brabant,Waalwijk,48240,0,0,0,0,0,0,0,0,1,3,5,5,5,6,6.0,9.0,8.0,8.0,10.0,11,12,13,15,16,22
627,28,Zuid-Holland,Waddinxveen,28316,0,0,0,0,0,0,0,0,0,0,0,0,1,1,1.0,1.0,1.0,1.0,1.0,1,1,3,3,4,4
289,25,Gelderland,Wageningen,38774,0,0,0,0,0,0,0,0,0,0,0,0,0,0,0.0,0.0,0.0,0.0,0.0,1,1,1,2,3,3
629,28,Zuid-Holland,Wassenaar,26211,0,0,0,0,0,0,0,0,0,0,0,0,0,0,0.0,1.0,2.0,2.0,3.0,3,3,4,4,5,5
852,27,Noord-Holland,Waterland,17315,0,0,0,0,0,0,0,0,0,0,1,1,1,1,1.0,1.0,1.0,2.0,3.0,3,4,7,7,8,8
988,31,Limburg,Weert,49842,0,0,0,0,0,0,0,0,0,0,0,0,0,0,0.0,0.0,0.0,0.0,0.0,0,0,0,4,7,7
457,27,Noord-Holland,Weesp,19334,0,0,0,0,0,0,0,0,0,0,0,0,0,0,0.0,0.0,0.0,0.0,0.0,0,0,0,1,1,1
1960,25,Gelderland,West Betuwe,50697,0,0,0,0,0,0,0,0,1,2,2,2,2,2,2.0,3.0,3.0,3.0,3.0,6,6,8,11,12,12
668,25,Gelderland,West Maas en Waal,19076,0,0,0,0,0,0,0,0,1,1,1,1,1,1,2.0,2.0,2.0,3.0,3.0,3,3,3,4,4,6
1969,20,Groningen,Westerkwartier,63031,0,0,0,0,0,0,0,0,0,0,0,0,0,0,0.0,0.0,0.0,1.0,1.0,1,1,3,2,3,6
1701,22,Drenthe,Westerveld,19348,0,0,0,0,0,0,0,0,0,0,0,0,0,0,0.0,0.0,0.0,0.0,0.0,0,0,0,0,1,1
293,25,Gelderland,Westervoort,14944,0,0,0,0,0,0,0,0,0,0,0,0,0,0,0.0,0.0,0.0,0.0,0.0,0,0,0,1,1,2
1950,20,Groningen,Westerwolde,25199,0,0,0,0,0,0,0,0,0,0,0,0,0,0,0.0,0.0,0.0,0.0,0.0,0,0,0,0,0,0
1783,28,Zuid-Holland,Westland,108603,0,0,0,0,0,0,0,0,0,0,0,0,0,0,0.0,0.0,0.0,1.0,1.0,3,6,7,9,11,15
98,21,Friesland,Weststellingwerf,25840,0,0,0,0,0,0,0,0,0,0,0,0,0,0,0.0,0.0,0.0,0.0,0.0,0,0,0,0,1,1
614,28,Zuid-Holland,Westvoorne,14626,0,0,0,0,0,0,0,0,1,1,1,1,1,1,1.0,1.0,2.0,3.0,3.0,3,3,3,3,3,5
189,23,Overijssel,Wierden,24351,0,0,0,0,0,0,0,0,0,0,0,0,0,0,0.0,0.0,0.0,0.0,0.0,0,0,0,0,0,0
296,25,Gelderland,Wijchen,40951,0,0,0,0,0,0,0,0,0,0,1,1,1,1,2.0,3.0,3.0,4.0,5.0,6,8,8,14,17,20
1696,27,Noord-Holland,Wijdemeren,24013,0,0,0,0,0,0,0,0,0,0,0,0,0,0,0.0,0.0,0.0,0.0,0.0,0,1,1,1,1,1
352,26,Utrecht,Wijk bij Duurstede,23762,0,0,0,0,0,0,0,0,1,1,1,1,1,1,2.0,2.0,2.0,3.0,3.0,4,4,4,5,6,6
294,25,Gelderland,Winterswijk,28903,0,0,0,0,0,0,0,0,0,0,0,0,0,0,0.0,0.0,0.0,0.0,0.0,0,0,0,0,1,2
873,30,Noord-Brabant,Woensdrecht,21866,0,0,0,0,0,0,0,0,0,0,0,0,0,0,0.0,0.0,0.0,0.0,0.0,0,0,0,0,0,2
632,26,Utrecht,Woerden,52197,0,0,0,0,0,0,0,0,2,2,2,2,2,2,2.0,2.0,2.0,2.0,2.0,3,4,4,5,6,7
880,27,Noord-Holland,Wormerland,16329,0,0,0,0,0,0,0,0,0,0,0,0,0,0,0.0,0.0,0.0,0.0,0.0,0,0,1,1,1,1
351,26,Utrecht,Woudenberg,13166,0,0,0,0,0,0,0,0,0,0,0,0,0,1,1.0,1.0,1.0,1.0,1.0,1,2,2,3,3,3
479,27,Noord-Holland,Zaanstad,155885,0,0,0,0,0,0,0,0,0,2,2,2,2,2,2.0,2.0,2.0,2.0,2.0,2,2,4,3,9,11
297,25,Gelderland,Zaltbommel,28451,0,0,0,0,0,0,1,1,1,1,1,1,1,1,1.0,1.0,1.0,1.0,1.0,3,3,3,4,5,6
473,27,Noord-Holland,Zandvoort,17011,0,0,0,0,0,0,0,0,0,0,0,0,0,0,0.0,0.0,1.0,1.0,1.0,1,1,1,1,2,2
50,24,Flevoland,Zeewolde,22309,0,0,0,0,0,0,0,1,1,1,1,1,1,1,1.0,1.0,2.0,2.0,2.0,2,3,3,4,4,4
355,26,Utrecht,Zeist,63934,0,0,0,0,0,0,0,0,0,1,1,1,2,3,4.0,4.0,4.0,6.0,8.0,12,12,12,13,17,17
299,25,Gelderland,Zevenaar,43488,0,0,0,0,0,0,0,0,0,0,0,0,0,0,0.0,0.0,0.0,0.0,0.0,0,2,3,5,6,8
637,28,Zuid-Holland,Zoetermeer,124944,0,0,0,0,0,0,0,0,0,0,0,0,0,0,0.0,0.0,0.0,0.0,0.0,0,1,1,4,4,5
638,28,Zuid-Holland,Zoeterwoude,8450,0,0,0,0,0,0,0,0,0,0,0,0,0,0,0.0,0.0,0.0,0.0,0.0,0,0,0,0,0,0
1892,28,Zuid-Holland,Zuidplas,42762,0,0,0,0,0,0,0,0,0,0,0,0,0,0,0.0,0.0,0.0,0.0,0.0,0,0,0,0,1,3
879,30,Noord-Brabant,Zundert,21612,0,0,0,0,0,0,0,0,0,0,1,1,1,2,2.0,3.0,3.0,3.0,3.0,4,6,6,7,7,7
301,25,Gelderland,Zutphen,47609,0,0,0,0,0,0,0,0,0,0,0,0,0,0,0.0,0.0,0.0,0.0,0.0,1,1,1,2,4,4
1896,23,Overijssel,Zwartewaterland,22503,0,0,0,0,0,0,0,0,0,0,0,0,0,0,0.0,2.0,2.0,2.0,2.0,4,4,5,9,15,17
642,28,Zuid-Holland,Zwijndrecht,44639,0,0,0,0,0,0,0,0,0,0,0,0,0,0,0.0,0.0,2.0,3.0,3.0,4,5,6,6,6,6
193,23,Overijssel,Zwolle,127497,0,0,0,0,0,0,0,0,0,0,1,1,1,2,2.0,2.0,3.0,4.0,6.0,8,12,16,18,23,28
